sample_id	dummy_root	1	4	6
left_ovary_site_1	0.0	0.3579053353010032	0.0015291698792084297	0.2742619032811209
left_ovary_site_2	0.0	0.3115898637143101	0.08187125527355328	0.1631874219318248
omentum_site_1	0.0	0.27695433359448657	0.22399316470116665	0.0008399569298680642
omentum_site_2	0.0	0.3512168240980887	0.2685325920925093	0.0005232380481965031
right_ovary_site_1	0.0	0.2967898572666039	0.21508317266735416	0.0018156203918264166
