{"phi": [[0.9999999999999999, 0.9999999999999999, 1.0, 1.0, 1.0], [0.4646536533754907, 0.44577496231279223, 0.3909097725168165, 0.4954469677528963, 0.4181940650285917], [0.002254612064418143, 0.13546097483697978, 0.3683121468849571, 0.4431091514162665, 0.353459214124479], [0.4460200774134717, 0.26385751272517954, 0.0013345606243092335, 0.00081393279302647, 0.002876059360697218]], "phi_hat": [[1.0, 1.0, 1.0, 1.0, 1.0], [0.464653653396614, 0.44577496223046287, 0.39090977246317055, 0.4954469677574172, 0.4181940650259116], [0.002254612007798305, 0.13546097489746944, 0.36831214692940234, 0.44310915139049234, 0.3534592140340329], [0.4460200774134717, 0.26385751272517954, 0.001334560624309353, 0.000813932793026658, 0.002876059360697262]], "eta": [[0.08932626921103749, 0.29036752496202817, 0.6077556668588743, 0.5037390994540772, 0.5789298756107111], [0.4623990413110726, 0.3103139874758125, 0.022597625631859408, 0.05233781633662982, 0.06473485090411268], [0.0022546120644181436, 0.1354609748369798, 0.3683121468849571, 0.4431091514162665, 0.353459214124479], [0.44602007741347177, 0.2638575127251796, 0.0013345606243092335, 0.00081393279302647, 0.002876059360697218]], "llh": -92.21272592034683, "nlglh": 8.86898949280917, "prob": 0.2969999999906692, "count": 594, "parents": [0, 1, 0], "samples": ["left_ovary_site_1", "left_ovary_site_2", "omentum_site_1", "omentum_site_2", "right_ovary_site_1"], "cdi": [1.0222925833955405, 1.5086133425013588, 0.35039326174792945, 0.5033562881535212, 0.6764240154097021], "cmdi": [10.220751224019256, 11.061123581935433, 11.085102057844779, 11.219977000411436, 11.355870894446229], "sdi": [0.6687583843811864, 1.3079652180219359, 0.8582110194856276, 0.8582110194856276, 0.8582110194856276], "visible_sampidxs": null, "samp_colours": null, "pop_colours": null}
